IDENTIFICACION,NOMBRE,TIPOVINCULO,CORREOELECTRONICO,TELEFONO
5137022071,Natalya,empleado,nbalog0@nydailynews.com,3127864315
1422351823,Bevvy,empleado,bguyers1@homestead.com,8954114224
9703633749,Babbette,padre de estudiante,bschultz2@opensource.org,4758573883
8680760102,Henryetta,padre de estudiante,htaynton3@hatena.ne.jp,8676285240
0595097227,Fair,egresado,fraubheim4@statcounter.com,8184894642
7641753973,Hildegarde,padre de estudiante,hminnock5@a8.net,5932835638
0791278484,Malvina,padre de estudiante,mtilberry6@engadget.com,3063852330
2103103971,Ame,egresado,ablease7@fc2.com,3871767591
4086981157,Collen,estudiante,cpitcock8@etsy.com,6556151766
8226175593,Moshe,profesor,mlambertazzi9@usa.gov,4856970218
9087911440,Melina,egresado,mullocka@surveymonkey.com,2296035331
7334022718,Paquito,estudiante,pwardhoughb@privacy.gov.au,5835232119
7148760453,Sibyl,profesor,sdegregorioc@narod.ru,5335137564
4741278506,Gianna,egresado,gjoriozd@nps.gov,3423133672
7239228606,Pascale,egresado,pcretneye@baidu.com,6591038228
0304750905,Alyson,externo,asellsf@ca.gov,2401827971
8182402506,Jud,estudiante,jesmondg@storify.com,3285007770
6153252079,Zebadiah,externo,zbertheh@engadget.com,7673778507
2739761791,Esteban,empleado,ebowyeri@woothemes.com,2435671620
2633114679,Sayer,profesor,sibbotsonj@vimeo.com,5055072869
7084067043,Lars,empleado,lorrok@tmall.com,2967920783
1042239797,Lolly,egresado,lladbrookl@foxnews.com,8003471910
0399903259,Mark,egresado,mmacallisterm@statcounter.com,2567168988
9053326960,Nickolas,empleado,nlarcieren@i2i.jp,4733625838
4173970730,Fulvia,padre de estudiante,frayneo@newsvine.com,8232719579
9347227552,Gilles,estudiante,gbrainp@japanpost.jp,7894553955
1188397303,Andromache,estudiante,amoodeyq@boston.com,6022521837
8415081146,Emlyn,padre de estudiante,ebustr@nifty.com,4053099241
8072485512,Jonis,empleado,jgheorghes@hostgator.com,2788463135
6014672796,Devan,estudiante,ddyerst@vimeo.com,3166218390
9109776028,Valenka,padre de estudiante,voleszczaku@shutterfly.com,7002078082
6711737199,Jemima,profesor,jmuffv@chron.com,4756796092
5603642505,Babbette,externo,baddlestonew@nasa.gov,4428363339
7779035840,Mitchel,profesor,mcogglesx@loc.gov,8211814984
3790548030,Ravi,profesor,rpedgrifty@ft.com,8749532054
0873862953,Coreen,empleado,clinzeez@studiopress.com,1812038110
0405785348,Langsdon,estudiante,ljahndel10@pen.io,8508702618
2285691343,Merline,egresado,mmarshal11@economist.com,9579800059
3575709726,Lem,padre de estudiante,lmackey12@artisteer.com,1722476747
2790749817,Rodrique,externo,rorrocks13@whitehouse.gov,2095457219
3521603245,Gwenni,padre de estudiante,ggrassick14@yandex.ru,2191466075
4584455759,Denys,empleado,drenackowna15@disqus.com,8672710810
