IDENTIFICACION,NOMBRE,TIPOVINCULO,CORREOELECTRONICO,TELEFONO,UltimaFechaReserva
0402842626,Garrik,empleado,gcoryndon0@uiuc.edu,6467783657,11/01/2022
1453890033,Timoteo,empleado,tlatchford1@baidu.com,8851416189,06/09/2022
5132111122,Heall,empleado,hlazare2@vkontakte.ru,3406380818,06/25/2022
8203340369,Cyb,padre de estudiante,cfreake3@wunderground.com,7474670541,03/15/2023
4894723093,Milissent,profesor,mleele4@unblog.fr,1116983592,05/13/2022
4973630446,Base,padre de estudiante,bskae5@freewebs.com,5821043607,04/13/2022
8092557500,Cordy,padre de estudiante,cabelov6@ask.com,2189474556,05/31/2022
7452834461,Janella,empleado,jaucock7@biglobe.ne.jp,8175402236,04/09/2022
3116922284,Ashli,empleado,aomeara8@mlb.com,3598692016,09/07/2022
3683966599,Raymond,egresado,rkochlin9@jiathis.com,3149966916,12/16/2022
3641449502,Milo,empleado,mmclanachana@hud.gov,2641985630,07/07/2022
2157032037,Zaneta,padre de estudiante,zgilfordb@vimeo.com,8888618741,07/27/2022
9030849487,Leeanne,profesor,ldignamc@storify.com,2313678185,08/15/2022
3916498851,Fredia,profesor,fsellackd@netvibes.com,4008326729,01/18/2023
6161751666,Gibbie,egresado,gpayntere@diigo.com,3164886787,12/26/2022
3974507922,Sadie,profesor,sgerleitf@prnewswire.com,1829446209,12/24/2022
8684564898,Cathrine,padre de estudiante,cmccurlyeg@purevolume.com,4173286422,04/06/2022
5019987344,Jenica,empleado,jnoddingsh@nyu.edu,5239903175,11/11/2022
3485929182,Grove,egresado,ggorcei@biglobe.ne.jp,4881878830,09/07/2022
2492559696,Andi,egresado,ahagstonej@mozilla.com,3107956747,02/23/2023
4272106716,Micki,estudiante,mlaink@adobe.com,9068761588,08/09/2022
0849300150,Lianna,profesor,lparnabyl@ucoz.ru,8083893740,12/03/2022
6688849798,Danella,empleado,dmicheum@blogtalkradio.com,2809184394,11/25/2022
5634972876,Fairfax,egresado,fhartigann@cocolog-nifty.com,2751938170,09/15/2022
3338399863,Rorie,estudiante,rconnowo@washington.edu,5413020303,08/28/2022
8625297838,Fidole,empleado,ffritschmannp@state.gov,7992710412,03/04/2023
2160707147,Glenna,profesor,gkobuq@eepurl.com,9262393017,10/05/2022
9153905903,Jannel,padre de estudiante,jartrickr@hc360.com,6708392383,10/07/2022
1278128344,Tisha,empleado,thartes@eepurl.com,5317406214,03/01/2023
0870838059,Ellene,estudiante,etivoliert@cnet.com,8921972846,08/19/2022
4476715869,Susie,padre de estudiante,swinchu@macromedia.com,8656209520,08/18/2022
3290994309,Coleen,padre de estudiante,cthresherv@deviantart.com,8191201645,03/11/2023
7720754220,Derek,egresado,dcardellow@theguardian.com,4883978097,01/07/2023
6440863444,Jim,padre de estudiante,jwontnerx@ftc.gov,1912435808,06/17/2022
3826460278,Shadow,egresado,svedeneevy@imgur.com,3938053830,10/07/2022
5713812758,Lilllie,padre de estudiante,lcamerelloz@goodreads.com,4952807168,04/03/2022
3206180899,Tressa,egresado,trichel10@hibu.com,9353778973,03/26/2023
6382111295,Earle,profesor,erubenchik11@wunderground.com,3165287152,10/27/2022
4069420363,Bernete,padre de estudiante,bvaisey12@rakuten.co.jp,2032196495,09/19/2022
4012941518,Moina,estudiante,mbiaggelli13@prnewswire.com,6267674221,06/23/2022
3828381472,Aubert,padre de estudiante,apyvis14@yahoo.co.jp,3613784815,03/29/2023
1934862681,Yoko,estudiante,ysanday15@forbes.com,3977206068,09/07/2022
2104962307,Melisa,estudiante,msibborn16@tiny.cc,5064436325,01/20/2023
9925401178,Kiri,empleado,kgrimley17@ebay.com,1075060979,11/27/2022
0009354697,Viviyan,egresado,vkieran18@godaddy.com,7499127589,07/29/2022
8571435111,Buddie,empleado,btitheridge19@topsy.com,3164469059,07/12/2022
6068858529,Rosanna,egresado,rmair1a@yolasite.com,6322189300,05/06/2022
4756563473,Mackenzie,padre de estudiante,mdriscoll1b@geocities.jp,9704708877,08/11/2022
9285055109,Walker,profesor,wtreagust1c@squarespace.com,8914415578,05/20/2022
4178370073,Brana,estudiante,bcromie1d@microsoft.com,6709044660,07/10/2022
0001468111,Sidney,empleado,swhittle1e@ed.gov,5303485410,08/01/2022
5213624294,Bridie,empleado,bcurwood1f@google.co.jp,9339468687,07/05/2022
8563689126,Allie,estudiante,avinsen1g@hc360.com,1763582034,09/15/2022
5000471830,Broddy,egresado,bscowcroft1h@tiny.cc,5255953760,02/16/2023
3088962574,Marja,padre de estudiante,mcote1i@howstuffworks.com,7728101980,07/04/2022
0081124821,Hilary,padre de estudiante,hfarguhar1j@chron.com,1149327107,11/25/2022
8835674131,Berny,profesor,banthona1k@senate.gov,6137529585,07/26/2022
3511754836,Puff,profesor,pwimlett1l@sciencedaily.com,5661212929,06/30/2022
8475255817,Kamilah,padre de estudiante,kpiser1m@ox.ac.uk,6959849684,07/04/2022
0291036392,Estell,profesor,ekonertz1n@tiny.cc,1244839559,11/10/2022
8615977623,Drud,estudiante,dhegges1o@nature.com,1602035484,07/26/2022
1861704356,Selig,egresado,svanhalle1p@upenn.edu,5511014427,01/28/2023
0267304625,Aloin,profesor,ajanouch1q@rediff.com,1292261603,10/28/2022
8778423597,Corliss,estudiante,cafield1r@globo.com,7687640454,02/27/2023
3354494212,Brinn,egresado,bsang1s@cisco.com,4357614482,05/29/2022
0012264296,Dunn,empleado,dingleston1t@trellian.com,2215883741,02/15/2023
2807956181,Ewen,estudiante,eyankeev1u@toplist.cz,7667659718,02/05/2023
7656841350,Arman,estudiante,akidstone1v@w3.org,9513706575,01/06/2023
4567909062,Barry,egresado,bhodges1w@berkeley.edu,3555488754,11/12/2022
5330365317,Eduino,estudiante,ecreek1x@typepad.com,7602973412,04/12/2022
3749963754,Raffaello,estudiante,rtaberner1y@va.gov,3424797385,02/17/2023
4281340653,Codi,estudiante,csidry1z@cmu.edu,2874167615,11/09/2022
1428437681,Hartwell,egresado,hpadrick20@wikispaces.com,1626751392,07/01/2022
2116925479,Wes,egresado,waldersey21@discovery.com,1377607502,12/30/2022
0707035481,Merle,estudiante,mdevine22@bigcartel.com,2776891039,09/01/2022
9413136629,Ezri,egresado,ehymans23@vkontakte.ru,8373141265,08/28/2022
3630839940,Franny,padre de estudiante,fhatherill24@cafepress.com,9733879632,09/29/2022
7064782367,Celia,egresado,cespinos25@bloglines.com,4137929651,09/27/2022
0971719314,Dinah,empleado,dzanuciolii26@sbwire.com,6689659805,08/09/2022
7669526599,Reiko,padre de estudiante,rpitsall27@google.cn,3625089555,04/15/2022
9417011820,Hugibert,estudiante,hbatchelar28@blogger.com,2262174949,05/16/2022
0754049949,Cathryn,profesor,cbeavors29@auda.org.au,4812964822,10/06/2022
9956263540,Dreddy,padre de estudiante,dbarlas2a@jiathis.com,3855756421,08/05/2022
9768942401,Rodolph,profesor,rsurmeyer2b@bravesites.com,9924117912,10/01/2022
8682747251,Michel,empleado,mstonhewer2c@fastcompany.com,8085731531,03/13/2023
3890733514,Rorie,estudiante,rgarnsworth2d@mashable.com,7724499147,07/01/2022
0697385698,Bliss,empleado,bvasiliev2e@lulu.com,7805418023,02/21/2023
9212114571,Thane,empleado,ttrenfield2f@utexas.edu,3181844141,07/26/2022
5070925008,Deva,padre de estudiante,dhamflett2g@si.edu,6281554874,05/09/2022
9363180603,Bendicty,empleado,bmoir2h@tiny.cc,5923771763,01/19/2023
0515129445,Ignace,padre de estudiante,ifaircley2i@friendfeed.com,3821213407,11/15/2022
7826964016,Rasia,padre de estudiante,rannakin2j@hhs.gov,9892477292,06/30/2022
7819432314,Leanora,profesor,lgodlee2k@opensource.org,3714479531,05/03/2022
5675233237,Robina,profesor,rfarrens2l@fastcompany.com,8048373539,05/12/2022
1570726094,Dorene,empleado,dhubball2m@themeforest.net,8465745502,05/01/2022
4711853987,Estell,estudiante,enorth2n@sbwire.com,5217990568,02/19/2023
5697911025,Alexandros,padre de estudiante,akissick2o@bbc.co.uk,4121854757,05/01/2022
9313344653,Farrah,egresado,fgairdner2p@mlb.com,9771395075,10/30/2022
9797813428,Jaquith,egresado,jleveritt2q@linkedin.com,5158082794,11/11/2022
5438635420,Hiram,empleado,heborall2r@nyu.edu,1579959169,12/03/2022
